{"cameraMode":{"drawMode":0,"name":"Shaded","section":"Shading Mode"},"sceneLighting":true,"audioPlay":false,"sceneViewState":{"m_AlwaysRefresh":false,"showFog":true,"showSkybox":true,"showFlares":true,"showImageEffects":true,"showParticleSystems":true,"showVisualEffectGraphs":true,"m_FxEnabled":true},"in2DMode":false,"pivot":{"x":0.630867063999176,"y":1.8933734893798829,"z":0.4026377201080322},"rotation":{"x":-0.09701456874608994,"y":0.02416502870619297,"z":0.002300272462889552,"w":0.9950445890426636},"size":1.0763660669326783,"orthographic":true}