{"cameraMode":{"drawMode":0,"name":"Shaded","section":"Shading Mode"},"sceneLighting":true,"audioPlay":false,"sceneViewState":{"m_AlwaysRefresh":false,"showFog":true,"showSkybox":true,"showFlares":true,"showImageEffects":true,"showParticleSystems":true,"showVisualEffectGraphs":true,"m_FxEnabled":true},"in2DMode":false,"pivot":{"x":0.1629197597503662,"y":0.2345205843448639,"z":0.01285254955291748},"rotation":{"x":0.04199281707406044,"y":-0.9427173733711243,"z":0.30438193678855898,"w":0.13006773591041566},"size":0.15508012473583222,"orthographic":true}