{"cameraMode":{"drawMode":0,"name":"Shaded","section":"Shading Mode"},"sceneLighting":true,"audioPlay":false,"sceneViewState":{"m_AlwaysRefresh":false,"showFog":true,"showSkybox":true,"showFlares":true,"showImageEffects":true,"showParticleSystems":true,"showVisualEffectGraphs":true,"m_FxEnabled":true},"in2DMode":false,"pivot":{"x":0.4908354580402374,"y":0.33358561992645266,"z":0.734297513961792},"rotation":{"x":0.020650628954172136,"y":-0.24612969160079957,"z":0.005261368118226528,"w":0.9690642952919006},"size":0.430141419172287,"orthographic":true}