{"cameraMode":{"drawMode":0,"name":"Shaded","section":"Shading Mode"},"sceneLighting":true,"audioPlay":false,"sceneViewState":{"m_AlwaysRefresh":false,"showFog":true,"showSkybox":true,"showFlares":true,"showImageEffects":true,"showParticleSystems":true,"showVisualEffectGraphs":true,"m_FxEnabled":true},"in2DMode":false,"pivot":{"x":-0.1668682098388672,"y":1.0190000534057618,"z":-1.1301257610321046},"rotation":{"x":-0.07842065393924713,"y":-0.23088808357715608,"z":-0.018648440018296243,"w":0.9697020649909973},"size":0.8600152730941773,"orthographic":true}