{"cameraMode":{"drawMode":0,"name":"Shaded","section":"Shading Mode"},"sceneLighting":true,"audioPlay":false,"sceneViewState":{"m_AlwaysRefresh":false,"showFog":true,"showSkybox":true,"showFlares":true,"showImageEffects":true,"showParticleSystems":true,"showVisualEffectGraphs":true,"m_FxEnabled":true},"in2DMode":false,"pivot":{"x":0.012834310531616211,"y":0.1765071153640747,"z":-0.02009885013103485},"rotation":{"x":0.015381433069705964,"y":-0.9504570960998535,"z":0.30688101053237917,"w":0.04766010493040085},"size":0.3451686203479767,"orthographic":true}